Name,Position,Price,Uncertainty,Overall,GW 1,GW 2,GW 3,GW 4,GW 5,GW 6,GW 7,GW 8,GW 9
M.Salah,Midfielder,£14.50,24%,57,6.7,6.1,5.6,7,6.6,5.7,5.7,7.4,6.2
Haaland,Forward,£14.00,24%,47,5.1,6.3,5.1,5.8,3.8,6.6,4.8,5.1,4.4
Palmer,Midfielder,£10.50,28%,45.8,5.1,4.9,5.5,4.6,4.3,5.9,4.4,4.3,6.7
Watkins,Forward,£9.00,24%,44.9,5.2,4.6,4.8,4.1,5.7,5.2,6.6,4.5,4.1
Isak,Forward,£10.50,24%,44.6,4.4,4.5,5.8,5.7,4.7,4.1,5.4,4.7,5.4
Wood,Forward,£7.50,25%,40.3,4.8,3.9,5.2,3.2,4.8,5.8,3.9,4.6,4
Eze,Midfielder,£7.50,26%,39.4,4.1,4.8,4,5.8,4.4,4.2,4,4.9,3.4
Saka,Midfielder,£10.00,29%,37.8,3.9,5.9,3.3,4.8,3.4,3.7,4.6,3.6,4.5
Evanilson,Forward,£7.00,24%,36.9,3.4,4.6,3.9,4.2,4.3,4.7,4,3.6,4.2
Wissa,Forward,£7.50,26%,36.6,3.8,4.4,4.7,4,3.7,4.5,3.8,4.1,3.7
B.Fernandes,Midfielder,£9.00,29%,35.4,3.4,3.7,4.9,3.1,4.1,3.8,5.3,2.9,4.1
Virgil,Defender,£6.00,24%,35.1,4.2,3.2,3.5,4.4,4.6,3.7,3.3,4.4,3.8
Gibbs-White,Midfielder,£7.50,25%,35.1,4.3,3.5,4.4,2.9,4.2,5.2,3.4,3.9,3.4
Strand Larsen,Forward,£6.50,25%,34.8,3.2,3.5,3.7,3.4,5.1,3.5,3.8,4.3,4.4
Rice,Midfielder,£6.50,23%,34.4,3.7,5,3.1,4.1,3.4,3.5,4.1,3.6,4
Rogers,Midfielder,£7.00,28%,33.7,1.1,4,4.2,3.7,4.4,4.2,5.2,3.7,3.3
Sánchez,Goalkeeper,£5.00,22%,33.7,4,3.7,4,3.5,3.7,3.9,3.3,3.3,4.3
Welbeck,Forward,£6.50,26%,33.5,4.1,3.3,3.6,3.4,4.1,3.3,4,4.2,3.5
Mac Allister,Midfielder,£6.50,23%,33.4,4,3.5,3.2,4,3.9,3.6,3.2,4.1,3.7
Petrović,Goalkeeper,£4.50,21%,33.3,3.4,3.9,3.3,4,3.5,3.8,3.8,3.9,3.8
Muñoz,Defender,£5.50,28%,33.3,2.9,4.2,3.2,5.3,3.7,3.3,3.9,4.3,2.7
Bruno G.,Midfielder,£6.50,23%,33,3.4,3.5,4.1,4.1,3.4,3.1,3.9,3.5,3.9
Schade,Midfielder,£7.00,27%,33,1.6,4.2,4.5,4,3.5,4.4,3.5,3.8,3.5
Saliba,Defender,£6.00,25%,32.8,3.4,4.7,2.8,3.9,3.5,3.1,4.2,3.5,3.9
Leno,Goalkeeper,£5.00,23%,32.7,3.8,4.1,3.5,4.2,3.8,3.2,3.9,3.3,3
Murillo,Defender,£5.50,24%,32.6,3.9,3.4,3.9,3,4,4.6,2.8,3.4,3.5
Raya,Goalkeeper,£5.50,24%,32.5,3.3,4.3,3.3,3.7,3.5,3.1,4.3,3.3,3.8
Milenković,Defender,£5.50,27%,32.5,4,3.2,4.1,2.7,4.1,4.7,2.7,3.5,3.4
Branthwaite,Defender,£5.50,24%,32,4,3.8,3.5,3.5,3,3.9,3.7,3,3.5
Martinelli,Midfielder,£7.00,32%,31.7,3.1,4.6,2.9,3.8,3.2,3,4,3.4,3.7
Sarr,Midfielder,£6.50,27%,31.6,3.1,3.9,3.1,4.7,3.7,3.3,3.3,3.7,2.8
Lacroix,Defender,£5.00,24%,31.5,2.8,3.6,3,4.8,3.4,3.3,3.9,3.7,3
Tarkowski,Defender,£5.50,26%,31.2,3.9,3.6,3.5,3.6,3,3.6,3.8,2.7,3.4
Mykolenko,Defender,£5.00,24%,31,4,3.6,3.4,3.5,2.6,3.9,3.8,2.7,3.5
McNeil,Midfielder,£6.00,28%,30.7,4,3.6,3.3,3.7,2.7,3.6,3.5,2.7,3.6
Tonali,Midfielder,£5.50,23%,30.7,3.2,3.3,3.7,3.8,3.3,3,3.6,3.2,3.5
Johnson,Midfielder,£7.00,35%,30.6,4.7,2.5,3.3,3.1,3.1,3.4,3.9,3.6,3
Konaté,Defender,£5.50,25%,30.6,3.8,2.8,3.1,3.8,4.2,3.1,2.6,3.9,3.2
José Sá,Goalkeeper,£4.50,23%,30.3,3.5,3.6,3.9,1.9,3.3,3.1,3.6,3.5,4
Cucurella,Defender,£6.00,28%,30.3,3.7,3.3,3.6,3.1,3,3.6,2.7,2.8,4.5
Henderson,Goalkeeper,£5.00,23%,30.2,3.2,3.4,3,4.2,3.1,3.3,3.1,3.8,3
Verbruggen,Goalkeeper,£4.50,23%,30.1,3.6,3.8,3.2,3.5,3.4,2.8,3.3,3.1,3.4
Richards,Defender,£4.50,25%,30,2.6,3.5,2.9,4.5,3.3,3.1,3.7,3.7,2.8
A.Becker,Goalkeeper,£5.50,25%,30,3.9,2.7,2.8,3.6,4,3.4,2.2,4.1,3.4
Beto,Forward,£5.50,24%,29.9,3.8,3.4,3.2,3.5,2.8,3.6,3.4,2.7,3.6
Vicario,Goalkeeper,£5.00,24%,29.7,3.9,2.9,3.4,3,3.2,3.3,3.5,3.2,3.4
Rúben,Defender,£5.50,26%,29.7,3.4,3.5,3.1,3.7,2.5,4,3,3.7,2.8
Mitchell,Defender,£5.00,27%,29.7,2.7,3.6,2.9,4.6,3.2,2.9,3.5,3.8,2.4
Guéhi,Defender,£4.50,27%,29.7,2.6,3.5,2.8,4.6,3.2,3,3.6,3.7,2.7
Ndiaye,Midfielder,£6.50,28%,29.6,3.8,3.3,3.5,3.5,2.6,3.5,3.5,2.5,3.5
Tosin,Defender,£4.50,27%,29.6,3.5,3.3,3.6,3.1,2.9,3.5,2.7,2.7,4.4
Collins,Defender,£5.00,26%,29.5,3,3.2,4,3.1,3.2,3.6,3.1,3.3,3
Iwobi,Midfielder,£6.50,30%,29.5,3,3.5,2.9,4.3,3.9,3.1,3.1,2.8,3
Wirtz,Midfielder,£8.50,29%,29.4,3.6,3.1,2.8,3.5,3.4,3.1,2.9,3.6,3.4
Matheus N.,Defender,£5.50,30%,29.4,3.3,3.7,2.9,3.8,2.4,4.2,2.9,3.7,2.5
Martinez,Goalkeeper,£5.00,22%,29.3,0,3.2,3.9,3.8,3.5,3.9,4.4,3,3.6
Mepham,Defender,£4.00,25%,29.3,3,3.5,3,3.5,2.9,3.6,3.4,3.1,3.3
Chalobah,Defender,£5.00,26%,29.3,3.5,3.2,3.5,3.1,2.9,3.4,2.7,2.7,4.3
Neto,Midfielder,£7.00,29%,29.2,3.5,3,3.3,3,3.1,3.4,2.6,2.9,4.3
Frimpong,Defender,£6.00,27%,29,3.9,2.7,2.7,3.8,4,2.8,2.3,3.7,3.1
Nørgaard,Midfielder,£5.50,24%,29,2.8,3.7,2.9,3.5,2.9,3.1,3.7,3,3.4
Anderson,Midfielder,£5.50,21%,29,3.6,3.1,3.6,2.6,3.4,3.5,2.8,3.2,3.1
Enzo,Midfielder,£6.50,28%,29,3.6,3.2,3.3,2.9,2.8,3.3,2.9,2.8,4.1
Andersen,Defender,£4.50,26%,28.9,3.3,3.6,2.7,4,3.7,2.7,3.4,3,2.4
Gana,Midfielder,£5.50,21%,28.6,3.3,3.4,3.1,3.3,2.8,3.5,3.1,2.6,3.4
Mateta,Forward,£7.50,27%,28.4,3,3.5,3.1,4,3.4,3.2,2.9,3,2.2
Lewis-Skelly,Defender,£5.50,29%,28.4,2.9,4,2.2,3.5,2.9,2.7,3.7,2.9,3.5
Hudson-Odoi,Midfielder,£6.00,28%,28.2,3.5,2.9,3.7,2.4,3.4,3.9,2.7,3.1,2.7
Trippier,Defender,£5.00,29%,28.1,2.7,2.6,3.8,3.6,2.7,2.7,3.6,2.7,3.6
Konsa,Defender,£4.50,28%,28,2.9,2.6,3.5,3.1,3.3,3.4,4,2.3,2.9
Raúl,Forward,£6.50,34%,27.9,3,3.5,2.6,4.1,3.4,2.8,3,2.7,2.8
Gomes,Midfielder,£5.50,21%,27.6,2.7,3,3.2,2.8,3.4,3,3,2.9,3.5
Onana,Goalkeeper,£5.00,25%,27.6,0.9,3.1,3.9,3.1,3.6,3,3.1,2.9,3.8
Kilman,Defender,£4.50,27%,27.5,3.7,2.6,2.6,3,3,3.5,2.6,3.3,3.3
Neil,Midfielder,£5.00,20%,27.5,3.2,3.2,3.2,2.9,3.1,2.9,3,3.2,2.7
Semenyo,Midfielder,£7.00,35%,27.5,2.5,3.3,3.1,3.2,3.1,3.4,2.8,2.8,3.2
Caicedo,Midfielder,£5.50,24%,27.4,3.4,3.1,3.2,2.9,2.9,3.1,2.9,2.7,3.2
Patterson,Goalkeeper,£4.50,26%,27.3,3.3,3.4,3,3.1,3,2.5,3.1,3,2.9
O.Dango,Midfielder,£6.00,25%,27.3,2.6,3.1,3.1,3,3.2,3.4,3.2,2.7,3
Mbeumo,Midfielder,£8.00,27%,27.1,2.6,2.9,3.8,2.5,3,2.9,3.8,2.5,3.2
Cash,Defender,£4.50,29%,27.1,2.8,2.6,3.4,3,2.9,3.3,4.3,2.2,2.7
Barnes,Midfielder,£6.50,38%,27,3,3,3.5,3.5,2.9,2.4,3.3,2.7,2.8
Adams,Midfielder,£5.00,21%,27,2.9,3.3,3,3.1,2.9,3,3,2.8,3
Kluivert,Midfielder,£7.00,37%,27,0,1.1,3.6,4,3.6,4,3.8,3.1,3.8
Aina,Defender,£5.00,27%,27,3.4,2.7,3.5,2,3.6,3.8,2.1,3,2.7
Gabriel,Defender,£6.00,33%,27,3.2,3.7,2.2,3.1,2.8,2.6,3.2,2.8,3.3
Kelleher,Goalkeeper,£4.50,25%,26.9,2.3,3.2,2.3,3.4,3,3.8,2.4,3.2,3.1
L.Paquetá,Midfielder,£6.00,28%,26.8,3.1,3,2.8,3.1,3,2.9,2.3,3.1,3.4
Wilson,Forward,£6.00,25%,26.7,3.2,2.9,2.8,3.3,3.1,2.8,2.3,3.2,3.2
Toti,Defender,£4.50,29%,26.5,2.6,2.8,3.6,2.1,3.8,2.3,2.7,3.2,3.5
Henderson,Midfielder,£5.00,21%,26.5,2.8,3.1,3.2,2.9,2.8,3.2,2.8,2.9,2.7
João Pedro,Forward,£7.50,26%,26.4,3.1,2.9,3,2.7,2.6,3.1,2.6,2.7,3.6
Potts,Midfielder,£4.50,21%,26.2,3.1,2.9,2.7,3.2,3,2.8,2.4,3.1,3.1
Ekitiké,Forward,£8.50,32%,26.2,3.1,2.6,2.4,3.3,2.8,3.1,2.6,2.9,3.4
N.Williams,Defender,£5.00,29%,26.2,3.3,2.6,3.4,2.1,3.4,3.7,2,2.9,2.7
Gündoğan,Midfielder,£6.50,33%,26.2,3.2,3.4,2.9,3,2.2,3.7,2.6,2.6,2.5
Joelinton,Midfielder,£6.00,25%,26,2.6,2.9,3.4,3.2,2.7,2.5,3.1,2.6,3.1
Ward-Prowse,Midfielder,£6.00,23%,26,3.1,2.9,2.7,3.1,3,2.8,2.3,3.1,3.1
Smith Rowe,Midfielder,£6.00,34%,26,2.7,3.1,2.4,3.8,3.3,2.5,2.8,2.7,2.6
Senesi,Defender,£4.50,31%,26,2.3,3.3,2.5,3.2,2.6,3.2,3.1,2.7,3
Agbadou,Defender,£4.50,30%,25.9,2.4,2.6,3.7,2.1,3.6,2,2.9,3,3.5
Roberts,Midfielder,£5.50,27%,25.8,3.2,3.2,2.9,2.6,2.7,2.7,2.9,3.1,2.5
Hoever,Defender,£4.00,28%,25.7,2.5,2.5,3.6,1.9,3.7,2.1,2.9,2.7,3.9
Schär,Defender,£5.50,33%,25.7,2.5,2.5,3.4,3.1,2.5,2.5,3.3,2.6,3.5
Hladký,Goalkeeper,£4.00,25%,25.7,3,3.1,3.3,3,2.9,3.2,1.1,3.3,2.9
Wan-Bissaka,Defender,£4.50,30%,25.5,3.4,2.7,2.4,2.9,2.9,3.2,2,2.9,3.1
Mitoma,Midfielder,£6.50,31%,25.4,3.3,3,3,2.8,2.8,2.1,2.6,2.9,2.7
Gvardiol,Defender,£6.00,35%,25.4,0.8,3,2.6,3.4,2.3,4.1,2.8,3.9,2.4
Wilson,Midfielder,£5.50,36%,25.3,2.7,3,2.5,4.1,3.1,2.6,2.5,2.4,2.5
Van den Berg,Defender,£4.50,29%,25.3,2.6,2.8,3.3,2.8,2.5,3.3,2.6,2.9,2.5
C.Jones,Midfielder,£5.50,27%,25.3,3.5,2.6,2.5,2.9,3.1,2.7,2.4,3,2.7
Buendía,Midfielder,£5.50,34%,25.2,3.6,2.4,2.7,2.2,3.1,2.8,3.6,2.6,2.3
Van Hecke,Defender,£4.50,29%,25.2,3.2,3.3,2.5,2.7,2.9,2.1,3,2.6,2.8
Højlund,Forward,£6.50,31%,25.2,2.6,2.7,3.5,2.2,2.7,2.7,3.5,2.4,2.9
Gravenberch,Midfielder,£5.50,19%,25.1,0,3,2.9,3.4,3.4,3,2.9,3.4,3.1
André,Midfielder,£5.50,18%,25.1,2.6,2.8,3,2.6,2.9,2.7,2.8,2.6,3.1
White,Defender,£5.50,36%,24.8,3,3.3,2,3.1,2.7,2.5,2.8,2.4,2.9
Burn,Defender,£5.00,32%,24.6,2.3,2.4,3.4,3,2.5,2.5,3.1,2.4,3
Onana,Midfielder,£5.00,29%,24.5,2.7,2.5,2.7,2.6,3,2.9,3.4,2.4,2.4
Bowen,Forward,£8.00,38%,24.4,3.1,2.6,2.6,3,2.7,2.2,2.1,2.8,3.3
Souček,Midfielder,£6.00,38%,24.3,3.3,2.5,2.2,3.3,2.5,2.5,2,3.2,2.9
Solanke,Forward,£7.50,34%,24.3,3.3,2.4,2.9,2.3,2.3,2.8,3.1,2.8,2.5
Aït-Nouri,Defender,£6.00,35%,24.1,2.8,2.8,2.4,3.1,1.9,3.1,2.2,3.4,2.6
Danso,Defender,£4.50,32%,24.1,3.4,1.9,2.7,2.4,2.6,2.8,2.9,2.5,2.8
Cullen,Midfielder,£5.00,22%,24,2.7,3.1,2.6,2.6,2.7,2.3,2.4,3,2.6
Dunk,Defender,£4.50,31%,23.9,3,3,2.5,2.5,2.9,2,2.8,2.6,2.7
Piroe,Forward,£5.50,35%,23.8,2.4,2.3,2.6,2.5,2.6,2.8,3.2,2.8,2.6
Gyökeres,Forward,£9.00,38%,23.8,3.1,3.7,2.1,2.6,2,2.5,2.6,2.4,2.7
Tielemans,Midfielder,£6.00,32%,23.8,2.6,2.5,2.7,2.6,2.5,2.6,3.5,2.4,2.4
Tanaka,Midfielder,£5.00,24%,23.8,2.8,2.2,2.6,2.6,2.5,2.6,2.8,2.8,2.9
Cunha,Midfielder,£8.00,31%,23.6,2.4,2.4,3.1,2.3,2.8,2.5,3.2,2.2,2.8
Lewis-Potter,Defender,£5.00,31%,23.6,2.4,2.6,2.9,2.5,2.4,3.2,2.6,2.7,2.2
Wharton,Midfielder,£5.00,22%,23.4,2.5,2.9,2.4,3,2.6,2.5,2.5,2.7,2.2
Garner,Midfielder,£5.00,23%,23.4,2.9,2.7,2.7,2.7,2.3,2.6,2.7,2.1,2.7
Solomon,Midfielder,£5.50,36%,23,0.7,2.1,3.3,2.9,2.6,2.9,3.3,2.7,2.5
Pope,Goalkeeper,£5.00,30%,23,2.6,2.9,2.2,2.9,1.9,1.9,2.9,2.4,3.2
Lukić,Midfielder,£5.00,21%,22.9,2.4,2.8,2.3,3,2.9,2.4,2.5,2.4,2.3
Ugarte,Midfielder,£5.00,26%,22.6,2.4,2.5,2.9,2,2.6,2.6,3,2.1,2.6
Baleba,Midfielder,£5.00,25%,22.6,1.6,2.7,2.4,2.7,2.7,2.4,2.9,2.6,2.6
Kerkez,Defender,£6.00,37%,22.2,2.8,2.1,2,3,3.1,2.4,1.9,2.7,2.2
Estève,Defender,£4.00,32%,22.2,2.2,3.5,2.4,2.3,2.7,2,1.8,3,2.3
De Ligt,Defender,£5.00,34%,22.2,2.4,2.2,3.3,1.8,2.7,2.2,3,1.7,2.9
Trossard,Midfielder,£7.00,48%,22.1,1.4,3.7,2,2.8,2.2,2.3,2.8,2.3,2.7
Foden,Midfielder,£8.00,45%,22.1,1.4,2.8,2.4,2.9,2.1,3.1,2.3,2.7,2.4
J.Murphy,Midfielder,£6.50,41%,22,2.2,2.3,2.7,2.7,2.5,2,2.6,2.3,2.8
Ugochukwu,Midfielder,£5.00,23%,21.9,2.4,2.8,2.4,2.3,2.4,2.2,2.2,2.9,2.4
Berge,Midfielder,£5.00,18%,21.9,2.4,2.6,2.2,2.9,2.6,2.3,2.5,2.3,2.2
Darlow,Goalkeeper,£4.00,30%,21.9,2.2,2.2,2.3,2.7,1.6,2.9,2.6,2.8,2.6
Bassey,Defender,£4.50,34%,21.8,2.5,3,2,3.5,2.8,1.9,2.3,2.1,1.8
Pickford,Goalkeeper,£5.50,33%,21.8,2.8,2.7,2.2,2.5,1.3,2.6,2.2,2.8,2.7
James,Midfielder,£5.50,41%,21.8,2.9,1.9,2.2,2.5,2.4,2.3,2.5,2.5,2.6
Bellegarde,Midfielder,£5.50,34%,21.8,2.1,2.3,2.2,2.1,2.9,2.2,2.5,2.8,2.8
Van de Ven,Defender,£4.50,34%,21.7,3.2,1.5,2.5,2.1,2.2,2.6,2.5,2.4,2.7
Sessegnon,Midfielder,£5.50,24%,21.6,0.8,2.9,2.5,2.9,2.9,2.3,2.7,2.3,2.4
Mayenda,Forward,£5.50,41%,21.6,2.7,2.4,2.9,2,2.4,2.5,2.3,2.7,1.8
Maguire,Defender,£4.50,35%,21.4,2.2,2.3,3.2,1.8,2.2,2.2,3.4,1.6,2.4
James,Defender,£5.50,36%,21.3,3,2.4,2.5,2.1,2.1,2.7,1.8,1.8,2.8
Marmoush,Midfielder,£8.50,44%,21.3,2.7,2.7,2.2,2.5,1.8,2.9,2.2,2.4,2
Tel,Midfielder,£6.50,46%,21.3,4.5,1.6,2.2,2,1.9,2.4,2.5,2.2,1.9
Smith,Defender,£4.50,34%,21.3,1.5,3,1.8,2.7,1.9,2.8,2.7,2.2,2.6
Ballard,Defender,£4.50,37%,21.2,3.2,3.1,3.1,2.1,2.2,1.6,2.2,2.2,1.5
Hume,Defender,£4.50,37%,21.2,3,2.9,2.8,2,2.4,1.7,2.2,2.7,1.6
R.Gomes,Defender,£4.50,43%,21.2,2,2.1,2.7,1.8,3.5,1.8,2.2,2.2,2.8
Ederson M.,Goalkeeper,£5.50,37%,21,2,2.6,2.5,2.6,2,2.6,1.9,2.6,2.2
Pau,Defender,£4.50,36%,21,2.1,2,2.4,2.3,2.5,2.5,3.1,1.7,2.4
Pedro Porro,Defender,£5.50,39%,20.9,3.7,1.6,2.1,2,2,2.7,2.5,2,2.2
Anthony,Midfielder,£5.50,35%,20.9,2.2,2.8,1.9,2.1,2.6,1.9,2.2,3,2.1
Todibo,Defender,£4.50,34%,20.8,2.6,2.2,1.7,2.3,2.6,2.5,1.8,2.4,2.6
Odobert,Midfielder,£5.50,44%,20.6,3.4,1.7,2.8,2.1,2,2.3,2.3,1.9,2
Flemming,Forward,£5.50,38%,20.6,0.5,3,2.4,2.4,2.6,1.9,2.1,3.2,2.3
Sels,Goalkeeper,£5.00,34%,20.6,2.4,2.3,2.5,1.8,2.6,2,2,2.5,2.4
Minteh,Midfielder,£6.00,37%,20.6,2.9,2.3,2.2,2.3,2.7,2.1,1.9,2,2.2
Kamara,Midfielder,£5.00,29%,20.5,2.4,2.2,2.4,2,2.2,2.5,2.9,2.2,1.9
Alcaraz,Midfielder,£5.50,38%,20.5,2.6,2.5,2.1,2.4,2,2.5,2.2,1.9,2.3
H.Bueno,Defender,£4.50,39%,20.4,1.7,2.2,2.8,1.5,3.1,1.7,2.3,2.2,2.9
Ødegaard,Midfielder,£8.00,45%,20.4,2.3,2.9,1.9,2.2,2.1,2,2.7,2.2,2.1
Spence,Defender,£4.50,38%,20.3,4.1,1.9,2.4,1.9,1.9,2.2,2.5,1.7,1.8
Stones,Defender,£5.50,44%,20.3,2.6,2.8,2.2,2.5,1.5,3.2,1.7,2.1,1.7
Doku,Midfielder,£6.50,39%,20.3,2.4,2.6,2.3,2.3,1.6,2.9,2.2,2.4,1.7
Casemiro,Midfielder,£5.50,31%,20.2,2.3,1.9,2.5,1.9,2.2,2.1,2.6,2.2,2.6
Ekwah,Midfielder,£4.50,30%,20,2.4,2.5,2.6,2,2.3,2.2,1.8,2.5,1.7
Hannibal,Midfielder,£5.00,32%,19.9,2.2,2.6,2.2,2,2.3,1.9,1.9,2.6,2.2
Delap,Forward,£6.50,36%,19.8,3.2,2.3,2,1.8,1.9,2.2,2.1,1.9,2.5
Gakpo,Midfielder,£7.50,49%,19.8,2.3,2.1,1.9,2.4,2.3,2.1,2,2.5,2.3
De Cuyper,Defender,£4.50,36%,19.7,2.6,2.5,2.2,2.2,2.3,1.6,2.3,1.9,2
Ayari,Midfielder,£5.00,30%,19.5,2.7,2,2,2.1,2.3,1.8,2,2.3,2.2
Tete,Defender,£4.50,39%,19.4,2.3,2.4,1.9,3,2,1.8,2.4,2,1.7
Edwards,Midfielder,£5.00,30%,19.4,1.9,2.5,2.1,2,2.2,1.8,2,2.8,2
Bogle,Defender,£4.50,39%,19.3,2.8,1,1.9,1.8,1.9,2.3,2,2.7,2.8
Jensen,Midfielder,£5.00,31%,19.3,1.9,2.3,2.3,2.2,1.9,2.3,2,2.3,2
Gyabi,Midfielder,£4.50,29%,19.1,2.2,1.6,2.1,2,2,2.2,2.2,2.4,2.3
Bernardo,Midfielder,£6.50,40%,19,2.1,2.4,2.2,2.5,1.9,2.6,1.6,2,1.7
Damsgaard,Midfielder,£6.00,36%,19,2.4,2.4,2.3,1.9,1.9,2.2,1.7,2.2,2
J.Palhinha,Midfielder,£5.50,34%,18.9,2.6,1.5,2.4,2,2,2.2,2.2,1.7,2.2
Hughes,Midfielder,£5.00,27%,18.8,2,2.5,1.9,2.6,2,1.8,2,2.1,1.9
Kudus,Midfielder,£6.50,45%,18.8,2.6,1.4,1.9,2.1,1.9,2.3,2.6,2.2,1.9
O'Brien,Defender,£5.00,41%,18.8,2.6,2.4,1.9,2,1.5,2.2,2.1,1.7,2.3
Rodon,Defender,£4.00,36%,18.7,2.8,1.3,1.8,1.9,1.8,2.3,1.9,2.4,2.5
Sangaré,Midfielder,£5.00,30%,18.7,2.4,2.1,2.3,1.5,2.3,2.3,1.7,1.9,2.1
Munetsi,Midfielder,£5.50,44%,18.5,1.8,1.7,2.2,1.6,2.6,1.8,1.9,2.1,2.6
Travers,Goalkeeper,£4.50,38%,18.3,2.7,1.6,1.7,1.7,2.6,1.9,2,2.5,1.7
Livramento,Defender,£5.00,40%,18.2,1.7,1.6,2.5,2.3,1.9,1.9,2.4,1.7,2.3
Lucas Pires,Defender,£4.00,37%,18.1,1.6,3,1.9,1.6,2.3,1.4,1.4,2.8,2
Szoboszlai,Midfielder,£6.50,41%,18,2.6,1.8,1.7,2.2,2.1,1.8,1.8,2.1,1.9
Areola,Goalkeeper,£4.50,36%,17.7,1.4,2.4,1.9,1.3,2.1,2.3,2.1,2.2,2
Byram,Defender,£4.00,37%,17.7,2.7,1.1,1.7,1.7,1.7,2.2,1.9,2.3,2.5
Shaw,Defender,£4.50,39%,17.5,1.8,2,2.6,1.5,1.8,1.7,2.3,1.3,2.5
Tavernier,Midfielder,£5.50,44%,17.5,2.3,2,1.5,1.9,2,2,2.2,1.6,2
Merino,Midfielder,£6.00,49%,17.5,1.8,2.6,1.6,2.1,1.7,1.8,2.1,1.7,2
Wieffer,Midfielder,£5.00,30%,17.3,2.3,2.2,1.7,1.9,2,1.6,1.8,1.9,1.9
Trafford,Goalkeeper,£5.00,43%,17.3,1.9,1.5,1.4,2.7,1.3,2.6,1.5,2.4,1.9
Christie,Midfielder,£5.00,30%,17.1,0,0.9,2.4,2.4,2.2,2.4,2.4,2,2.5
Jota,Midfielder,£5.50,44%,16.5,2.5,2.4,2.8,1.2,1.6,1.9,1.4,1.5,1.2
J.Ramsey,Midfielder,£5.50,43%,16.1,2,1.8,1.8,1.6,1.9,1.9,1.8,1.8,1.5
Struijk,Defender,£4.50,45%,16.1,2.1,1,1.8,1.7,1.6,1.9,1.8,2,2.1
Kiwior,Defender,£5.50,51%,16,1.7,2.2,1.4,1.9,1.7,1.5,2.1,1.7,1.9
Garnacho,Midfielder,£6.50,50%,16,1.5,1.7,2.2,1.4,1.8,1.8,2.4,1.4,1.9
Onyeka,Midfielder,£5.00,39%,15.9,2.2,1.6,1.8,1.8,1.8,1.8,1.7,1.7,1.5
Maatsen,Defender,£4.50,50%,15.9,2,1.6,2.1,1.6,1.7,1.9,2.4,1.2,1.3
Doherty,Defender,£4.50,46%,15.8,1.7,1.4,2,1.4,2.1,1.3,1.6,1.9,2.4
Amad,Midfielder,£6.50,55%,15.7,1.5,1.6,2.2,1.3,1.8,1.7,2.3,1.4,1.8
Gruev,Midfielder,£5.00,31%,15.5,1.7,1.4,1.6,1.7,1.8,1.6,1.8,1.8,2
Georginio,Midfielder,£6.00,50%,15.5,2.1,1.5,1.7,1.8,1.9,1.3,1.9,2.1,1.2
Isidor,Forward,£5.50,49%,15.3,1.9,1.8,1.8,1.5,1.7,1.6,1.6,2,1.4
Xhaka,Midfielder,£5.00,35%,15.2,1.9,1.9,1.7,1.6,1.9,1.4,1.1,2,1.7
Gordon,Midfielder,£7.50,53%,15.1,1,1.6,2,2,1.6,1.5,1.9,1.6,1.9
Dewsbury-Hall,Midfielder,£5.00,45%,15.1,1.8,1.7,1.4,1.7,1.2,2.1,2,1.5,1.9
Adingra,Midfielder,£5.50,43%,15,1.8,1.8,1.9,1.8,1.7,1.5,1.3,1.9,1.4
N.Jackson,Forward,£6.50,52%,15,0,1.6,1.9,2,1.5,2,1.6,1.6,2.7
Earthy,Midfielder,£4.50,47%,15,1.8,1.7,1.6,1.7,1.9,1.6,1.2,1.6,2
Kayode,Defender,£4.50,46%,14.9,1.5,1.6,1.8,1.7,1.6,2.3,1.5,1.7,1.3
Adama,Midfielder,£5.50,47%,14.9,1.8,1.9,1.3,2,1.9,1.5,1.7,1.4,1.6
Emerson,Defender,£4.50,48%,14.8,1.9,1.6,1.5,1.8,1.8,1.7,1.1,1.8,1.6
Hee Chan,Midfielder,£6.00,57%,14.7,1.4,1.3,1.4,1.7,2.3,1.5,1.4,1.8,1.9
Yates,Midfielder,£5.00,42%,14.5,2.1,1.6,2,1.4,1.6,1.7,1.4,1.5,1.2
Mazraoui,Defender,£5.00,49%,14.4,0,1.7,2.4,1.4,1.8,1.7,2.3,1.2,2
Aaronson,Midfielder,£5.50,44%,14.2,1.6,1.3,1.6,1.5,1.5,1.6,1.6,1.7,1.7
Ramazani,Midfielder,£5.00,52%,14.2,1.8,1.1,1.6,1.5,1.5,2,1.7,1.7,1.5
McGinn,Midfielder,£5.50,45%,14.2,1.6,1.5,1.6,1.5,1.7,1.6,1.9,1.4,1.4
N.Gonzalez,Midfielder,£6.00,44%,14.2,1.9,2.1,1.5,1.7,1.4,1.8,1.4,1.4,1
Elanga,Midfielder,£7.00,55%,14.2,1.5,1.3,2,1.8,1.3,1.4,1.8,1.5,1.6
E.Le Fée,Midfielder,£5.00,51%,14,1.7,1.6,1.6,1.3,1.5,1.5,1.8,1.6,1.4
Dorgu,Defender,£4.50,54%,13.9,1.4,1.4,2.2,1.1,1.6,1.4,2.1,1,1.7
Hill,Defender,£4.00,51%,13.9,1.1,1.7,1.4,1.6,1.6,1.8,1.8,1.4,1.5
Dalot,Defender,£4.50,51%,13.7,1.8,1.4,2,0.9,1.6,1.4,2,1,1.6
Digne,Defender,£4.50,52%,13.7,1.5,1.1,1.4,1.6,1.7,1.5,2,1.2,1.7
Akanji,Defender,£5.50,50%,13.7,1.7,1.5,1.4,1.7,1.1,1.9,1.4,1.7,1.3
P.M.Sarr,Midfielder,£5.00,49%,13.6,1.8,1.2,1.6,1.4,1.4,1.7,1.7,1.5,1.4
Lerma,Midfielder,£5.00,39%,13.4,1.4,1.5,1.4,1.7,1.5,1.5,1.5,1.5,1.3
Rigg,Midfielder,£5.00,45%,13.4,1.6,1.6,1.6,1.3,1.5,1.4,1.4,1.6,1.3
Muniz,Forward,£5.50,51%,13.3,1.4,1.5,1.3,1.9,1.8,1.4,1.3,1.3,1.3
O'Nien,Defender,£4.00,47%,13.2,0,0,0,2.1,2.4,1.9,2.2,2.9,1.7
Castagne,Defender,£4.50,50%,13.2,1.5,1.8,1.1,1.9,2,1.3,1.2,1.3,1
J.Timber,Defender,£5.50,56%,13.1,1.3,2.1,1.1,1.4,1.2,1.1,2,1.4,1.6
Gunn,Goalkeeper,£4.00,47%,13,1.9,1.8,1.2,1,1.6,1.8,1.5,1.1,1
Udogie,Defender,£4.50,50%,12.9,0,0,1.8,1.6,1.7,1.9,1.9,1.9,2.1
Bergvall,Midfielder,£5.50,45%,12.9,1.8,1.2,1.1,1.3,1.3,1.6,1.5,1.6,1.4
Havertz,Forward,£7.50,54%,12.8,1.5,2,1.1,1.8,1.3,1,1,1.3,1.6
Ampadu,Midfielder,£5.00,37%,12.8,1.6,1.5,1.3,1.3,1.4,1.5,1.2,1.5,1.6
Savinho,Midfielder,£7.00,56%,12.6,1.4,1.8,1.3,1.6,1.2,1.5,1.4,1.4,1.1
Hermansen,Goalkeeper,£4.50,46%,12.6,2.1,0.9,1,2,1,1.1,2.1,1.5,1.1
Bamford,Forward,£5.00,45%,12.6,1.5,1,1.6,1.3,1.3,1.5,1.2,1.5,1.7
Nwaneri,Midfielder,£5.50,63%,12.4,1.3,1.8,1.1,1.5,1.2,1.3,1.5,1.2,1.4
O'Riley,Midfielder,£5.50,52%,12.4,1.6,1.3,1.3,1.4,1.4,1.2,1.4,1.4,1.3
Bentancur,Midfielder,£5.50,49%,12.3,1.6,1.1,1.4,1.4,1.3,1.4,1.6,1.3,1.2
Scott,Midfielder,£5.00,41%,12.2,2.1,2.6,1,1.1,1.1,1.2,1.1,1,1.1
Harrison,Midfielder,£5.50,51%,12.1,1.3,0.9,1.4,1.2,1.2,1.5,1.6,1.3,1.7
Hinshelwood,Midfielder,£5.50,45%,12,0.9,1.4,1.3,1.4,1.5,1.2,1.5,1.5,1.4
Andreas,Midfielder,£5.50,56%,12,1.3,1.5,1.2,1.8,1.5,1.2,1.2,1.2,1.2
Robertson,Defender,£6.00,60%,11.9,1.4,1.1,1.2,1.6,1.6,1.2,1.1,1.6,1.2
Gray,Midfielder,£5.00,48%,11.8,1.5,1.1,1.3,1.3,1.2,1.4,1.4,1.3,1.3
Delcroix,Defender,£4.00,53%,11.5,1.9,1.7,1.4,1,1.3,0.8,0.8,1.4,1.2
Dominguez,Midfielder,£5.00,48%,11.5,0,0,0,1.6,1.9,2.4,1.7,1.9,1.9
Chirewa,Midfielder,£4.50,62%,11.4,1.1,1.1,1.7,1,1.3,1.1,1.4,1.4,1.4
Mount,Midfielder,£6.00,59%,11.3,1.1,1.2,1.6,1,1.3,1.3,1.6,1,1.3
Philip,Midfielder,£5.00,47%,11.1,2.3,2.4,0.8,0.9,1,1.2,0.8,0.7,0.9
Cook,Midfielder,£5.00,46%,11.1,0,0,1.6,1.6,1.5,1.7,1.6,1.5,1.6
Longstaff,Midfielder,£5.00,43%,11.1,1.4,1.3,1.3,1,1.1,1.3,1.2,1.2,1.1
Davies,Defender,£4.50,58%,11,1.6,0.8,1.2,1.1,1.1,1.3,1.4,1.2,1.3
Roberts,Defender,£4.50,56%,11,0.3,1.9,1.3,1.1,1.5,0.9,0.9,1.9,1.3
Bradley,Defender,£5.00,60%,10.9,0,0.5,1.3,1.7,1.8,1.4,1.2,1.8,1.3
Yoro,Defender,£4.50,56%,10.8,1.3,1,1.5,0.9,1.3,1.1,1.8,0.8,1.2
Nkunku,Midfielder,£6.00,64%,10.7,1.5,1.3,1.2,1,1.3,1.2,1,0.9,1.4
Gruda,Midfielder,£5.50,55%,10.6,1.3,1.1,1.1,1.1,1.3,1.1,1.2,1.3,1.1
Ajer,Defender,£4.50,49%,10.5,1,1.4,1.3,1.2,1.1,1.1,1.2,1.2,1.1
Mainoo,Midfielder,£5.00,53%,10.5,1.1,1.1,1.4,1,1.1,1.2,1.5,1,1.2
Füllkrug,Forward,£6.00,54%,10.4,1.3,1.1,1.1,1.2,1.2,1.1,0.9,1.3,1.3
Cirkin,Defender,£4.00,57%,10.4,0,0,0,1.8,1.9,1.5,1.8,2.1,1.3
Richarlison,Forward,£6.50,64%,10.4,1.4,0.7,1,1.3,1.1,1.5,1.3,1.1,0.9
Botman,Defender,£5.00,55%,10.1,1,1,1.3,1.3,1.1,1,1.3,1,1.2
Malacia,Defender,£4.00,60%,10.1,1.4,0.7,1.5,0.8,1.2,1.1,1.5,0.8,1.2
Bayindir,Goalkeeper,£5.00,54%,10.1,2.3,0.7,1.1,0.6,0.8,0.7,1,2,0.9
Gnonto,Midfielder,£5.50,69%,9.8,1.1,0.9,1.1,1,1,1.1,1.1,1.2,1.2
Laurent,Midfielder,£5.00,43%,9.8,1,1.2,1.1,1,1.1,0.9,1,1.3,1.1
O’Reilly,Defender,£5.00,66%,9.8,1.1,1.1,1,1.2,0.8,1.3,1,1.2,1
Jordan,Defender,£4.00,57%,9.7,0,1.8,1.1,1,1.3,0.9,0.9,1.7,1
Lewis,Defender,£5.00,72%,9.5,0.9,0.9,1.1,1.3,0.6,1.3,0.9,1.5,1.1
Elliott,Midfielder,£5.50,67%,9.5,1.1,1,0.9,1.1,1.1,1,1,1.1,1.1
Scarles,Defender,£4.50,66%,9.3,1.1,1,0.9,1.1,1.1,1.1,0.7,1.1,1.2
Kalajdžić,Forward,£5.00,63%,9.3,1,1.2,0.8,1.1,1.1,1,0.8,1.1,1.3
Foster,Forward,£5.00,55%,9.3,1.6,1.2,0.9,0.9,0.9,0.8,0.9,1.1,1
Mings,Defender,£4.50,66%,9.3,0.9,0.9,1.3,1.1,1.1,1,1.4,0.8,0.8
Brooks,Midfielder,£5.00,55%,9.2,1,1.5,0.9,1.1,0.8,1,0.8,0.9,1.2
Mavropanos,Defender,£4.50,61%,9.1,1.2,0.9,0.9,1,1,1.1,0.8,1,1.1
Cornet,Midfielder,£5.00,65%,9.1,0.9,1.1,0.9,1,1.1,1,1,1.2,0.8
Sambi,Midfielder,£4.50,63%,9,1,1.2,0.8,0.9,0.8,1,1.3,1,1
Awoniyi,Forward,£5.50,59%,8.9,1.2,1,1,0.7,0.8,1.4,1,0.9,1
Sancho,Midfielder,£6.00,62%,8.9,1,1,1.2,0.7,0.9,1,1.1,0.9,1.1
Patterson,Defender,£4.50,70%,8.9,1,1,1.1,0.9,0.6,1.4,1.2,0.9,0.9
Gusto,Defender,£5.00,54%,8.8,1.2,0.9,1.1,0.8,0.9,1,0.8,1,1.1
Tsimikas,Defender,£5.00,75%,8.5,1,0.8,0.8,1.1,1.1,0.9,0.8,1.1,0.9
Ramsdale,Goalkeeper,£5.00,60%,8.3,0.6,0.5,1.7,0.9,1.7,1.1,0.8,0.5,0.6
Seelt,Defender,£4.00,59%,8.3,2.3,2.2,2,0.3,0.3,0.4,0.3,0.4,0.3
Tuanzebe,Defender,£4.00,66%,8.3,1,1.5,0.8,0.7,1,0.6,0.6,1.1,1
Hall,Defender,£5.50,73%,8.2,0.8,0.9,1,1.2,0.8,0.7,0.9,0.8,1.2
McAtee,Midfielder,£5.50,77%,8.1,1.1,0.9,0.8,0.9,0.6,1.2,0.9,0.9,0.7
Lavia,Midfielder,£5.00,56%,8.1,0.6,0.9,1,0.9,0.9,1,0.8,0.8,1.1
Zinchenko,Defender,£5.00,72%,7.9,0.9,1,0.7,0.9,0.9,0.7,1,0.8,0.9
Enciso,Midfielder,£5.50,66%,7.9,0,0,0,0,1.6,1.6,1.6,1.6,1.5
Madueke,Midfielder,£7.00,79%,7.8,0.9,1.5,0.6,0.6,0.9,1,0.9,0.7,0.7
Álvarez,Midfielder,£5.00,53%,7.8,0.9,0.9,0.8,0.9,0.9,0.9,0.8,0.9,0.9
Walker-Peters,Defender,£4.50,72%,7.7,0.8,0.8,0.7,1,0.9,0.6,0.5,1.1,1.2
Zirkzee,Forward,£6.00,59%,7.5,0.5,0.8,1,0.8,0.9,0.9,1,0.8,0.9
Meslier,Goalkeeper,£4.50,58%,7.3,1.3,0.3,0.5,1.7,1.3,0.6,0.5,0.6,0.6
Poveda,Midfielder,£5.00,65%,7.3,0.9,0.8,0.9,0.7,0.9,0.7,0.8,0.9,0.7
Lamptey,Defender,£4.50,77%,7.2,0.9,0.8,0.9,0.9,0.8,0.6,0.8,0.8,0.7
Gomez,Midfielder,£5.00,51%,7.2,0.7,0.8,0.8,0.8,0.8,0.8,0.8,0.8,0.8
Amass,Defender,£4.00,85%,7.2,0.7,0.7,1.1,0.6,0.8,0.7,1.1,0.5,0.9
Kamada,Midfielder,£5.00,54%,7.2,0,0,1.1,1.1,1,1,1.1,1,0.9
Dobbin,Midfielder,£5.00,74%,7.1,1.5,0.7,0.8,0.9,0.6,0.6,0.7,0.7,0.6
Bryan,Midfielder,£5.00,78%,7.1,0,0.7,0.9,0.8,0.7,1,1.2,0.8,0.9
Romero,Defender,£5.00,79%,7,1,0.5,0.8,0.7,0.7,0.9,0.9,0.8,0.8
Greenwood,Midfielder,£5.00,66%,6.8,0.8,0.7,0.7,0.7,0.7,0.5,0.7,1.1,0.9
Sarmiento,Midfielder,£5.00,61%,6.8,1,1,0.8,0.9,0.6,0.6,0.7,0.6,0.7
Armstrong,Midfielder,£4.50,72%,6.8,0.6,0.7,0.9,0.8,0.6,0.7,0.9,0.7,0.9
Fofana,Defender,£4.50,79%,6.8,0.2,0.8,1.1,0.8,0.7,0.6,0.7,0.6,1.2
Peart-Harris,Midfielder,£4.50,78%,6.5,1.1,0.6,0.7,0.6,0.6,0.8,0.8,0.7,0.6
Browne,Midfielder,£4.50,63%,6.4,0.8,0.7,0.7,0.7,0.7,0.7,0.7,0.8,0.7
Ortega Moreno,Goalkeeper,£5.00,76%,6.4,0.5,1,0.5,1.1,0.9,0.9,0.5,0.6,0.5
Woodman,Goalkeeper,£4.00,73%,6.4,0.5,0.7,0.4,0.9,0.7,0.6,1.6,0.6,0.4
Foderingham,Goalkeeper,£4.00,72%,6.3,0.7,0.8,0.4,0.4,0.7,1.9,0.3,0.4,0.8
J.Araujo,Defender,£4.00,76%,6.3,0.6,0.6,0.7,0.6,1,0.7,0.6,0.7,0.6
Diop,Defender,£4.50,81%,6.1,1.3,0.6,0.5,0.6,0.8,0.6,0.8,0.5,0.3
Willock,Midfielder,£5.00,70%,6.1,0,0,0,1.1,1,0.9,1.1,0.9,1.1
Bissouma,Midfielder,£5.50,63%,6.1,0,0.6,0.8,0.8,0.7,0.8,0.8,0.8,0.8
Esse,Midfielder,£5.00,70%,6,0.6,0.7,0.6,0.8,0.7,0.7,0.6,0.7,0.6
Calafiori,Defender,£5.50,81%,5.9,0.7,0.8,0.5,0.7,0.6,0.6,0.7,0.6,0.7
Malen,Midfielder,£5.50,68%,5.9,0.7,0.6,0.7,0.6,0.7,0.7,0.8,0.6,0.6
Keane,Defender,£4.50,86%,5.9,0.8,0.7,0.7,0.7,0.5,0.7,0.7,0.5,0.7
Barnes,Forward,£4.50,58%,5.9,0.7,0.7,0.6,0.6,0.6,0.6,0.6,0.7,0.6
Heaven,Defender,£4.00,73%,5.8,0.6,0.6,0.9,0.5,0.7,0.6,0.8,0.5,0.7
Devenny,Midfielder,£4.50,70%,5.8,0.6,0.7,0.6,0.8,0.7,0.6,0.6,0.7,0.5
Dúbravka,Goalkeeper,£4.00,73%,5.8,0.2,0.9,0.4,0.4,0.5,0.4,1.9,0.5,0.6
March,Midfielder,£6.00,73%,5.7,0,0,0,0,1.1,1,1.4,1.1,1.2
F.Kadıoğlu,Defender,£4.50,95%,5.7,0.8,0.8,0.7,0.6,0.7,0.3,0.5,0.8,0.5
S.Bueno,Defender,£4.50,69%,5.7,0.6,0.6,0.7,0.5,0.7,0.5,0.6,0.6,0.8
Kovačić,Midfielder,£6.00,68%,5.7,0,0,0,0,0,0,1.9,2.3,1.5
Cairney,Midfielder,£5.00,65%,5.7,0.6,0.7,0.6,0.7,0.7,0.6,0.6,0.6,0.6
Chiesa,Midfielder,£6.50,81%,5.4,0.6,0.6,0.5,0.7,0.6,0.6,0.6,0.6,0.6
Barkley,Midfielder,£5.00,88%,5.4,0,0.8,0.7,0.7,0.6,0.5,0.7,0.6,0.6
O.Richards,Defender,£4.50,90%,5.3,0.7,0.8,0.7,0.4,0.6,0.6,0.6,0.5,0.5
Anderson,Defender,£4.00,79%,5.3,1.2,1.5,1.3,0.2,0.2,0.2,0.2,0.3,0.2
Morato,Defender,£4.50,79%,5.1,0.6,0.5,0.6,0.5,0.7,0.7,0.5,0.5,0.5
Nmecha,Forward,£5.00,54%,5,0.6,0.5,0.6,0.6,0.5,0.6,0.6,0.6,0.6
Buonanotte,Midfielder,£5.00,81%,4.9,0.8,0.7,0.5,0.5,0.5,0.4,0.5,0.5,0.5
Obi,Forward,£4.50,63%,4.9,0.5,0.5,0.6,0.5,0.6,0.5,0.6,0.5,0.6
Bentley,Goalkeeper,£4.00,80%,4.9,0.4,1.5,0.5,0.3,0.6,0.3,0.4,0.4,0.6
J.Rak-Sakyi,Midfielder,£4.50,67%,4.8,0.5,0.6,0.5,0.7,0.5,0.5,0.5,0.6,0.5
Arrizabalaga,Goalkeeper,£4.50,95%,4.8,1,0.5,0.3,0.6,0.6,0.4,0.2,0.6,0.6
Walker,Defender,£4.50,77%,4.8,0.6,0.7,0.5,0.4,0.5,0.5,0.4,0.8,0.5
Endo,Midfielder,£5.00,64%,4.8,0.8,0.5,0.5,0.5,0.5,0.5,0.5,0.5,0.5
Broja,Forward,£5.50,87%,4.8,0.8,0.8,0.4,0.4,0.5,0.4,0.5,0.5,0.5
Khusanov,Defender,£5.50,100%,4.8,0.8,0.5,0.4,0.5,0.4,0.6,0.4,0.6,0.4
G.Rodriguez,Midfielder,£5.00,74%,4.7,0.6,0.5,0.5,0.5,0.5,0.5,0.5,0.5,0.5
Thiago,Forward,£6.00,50%,4.7,0.5,0.5,0.5,0.5,0.5,0.5,0.5,0.5,0.5
Antony,Midfielder,£6.00,63%,4.7,0.5,0.5,0.6,0.5,0.5,0.5,0.6,0.5,0.5
Krafth,Defender,£4.50,76%,4.6,0.4,0.5,0.5,0.7,0.5,0.4,0.5,0.5,0.5
Kinsky,Goalkeeper,£4.00,96%,4.4,0.6,0.3,0.5,0.4,0.6,0.6,0.5,0.5,0.5
Phillips,Midfielder,£5.00,95%,4.3,0.6,0.6,0.5,0.6,0.4,0.6,0.3,0.4,0.3
L.Miley,Midfielder,£4.50,76%,4.2,0.4,0.5,0.5,0.5,0.4,0.4,0.5,0.4,0.5
Bruun Larsen,Midfielder,£5.50,100%,4.2,0.6,0.5,0.5,0.6,0.2,0.4,0.4,0.7,0.4
Sinisterra,Midfielder,£5.00,60%,4.2,0.4,0.6,0.4,0.4,0.4,0.5,0.5,0.4,0.4
Iling Jr,Midfielder,£5.50,92%,4.1,0.5,0.4,0.5,0.3,0.6,0.5,0.4,0.5,0.4
Veltman,Defender,£4.50,85%,4,0.5,0.5,0.4,0.4,0.5,0.4,0.5,0.4,0.5
Bobb,Midfielder,£5.50,97%,4,0.3,0.7,0.5,0.3,0.3,0.7,0.3,0.4,0.4
Masuaku,Defender,£4.00,97%,3.9,1.5,1.2,1.1,0,0,0,0,0.1,0
Igor,Defender,£4.50,100%,3.8,0.5,0.5,0.4,0.4,0.4,0.3,0.4,0.4,0.4
Donovan,Midfielder,£4.50,66%,3.7,0.4,0.4,0.4,0.4,0.4,0.4,0.4,0.4,0.4
Schmidt,Defender,£4.00,48%,3.7,0.4,0.4,0.4,0.4,0.4,0.4,0.4,0.4,0.4
J.Cuenca,Defender,£4.50,100%,3.6,0.4,0.5,0.3,0.5,0.4,0.3,0.4,0.4,0.3
Iroegbunam,Midfielder,£5.00,63%,3.6,0.4,0.4,0.4,0.4,0.4,0.4,0.4,0.4,0.4
Osula,Forward,£5.50,71%,3.5,0.4,0.4,0.4,0.4,0.4,0.4,0.4,0.4,0.4
King,Midfielder,£4.50,75%,3.5,0.4,0.4,0.4,0.5,0.4,0.4,0.4,0.3,0.4
Aleksić,Midfielder,£5.00,99%,3.5,0.4,0.4,0.4,0.4,0.4,0.4,0.4,0.4,0.3
Obafemi,Forward,£4.50,100%,3.4,0.5,0.6,0.5,0.3,0.3,0.3,0.3,0.5,0.2
Fábio Silva,Forward,£5.00,100%,3.4,0.3,0.3,0.2,0.4,0.5,0.3,0.5,0.4,0.5
Carvalho,Midfielder,£5.00,81%,3.4,0.3,0.4,0.4,0.3,0.4,0.4,0.4,0.4,0.3
Watson,Midfielder,£5.00,72%,3.3,0.4,0.4,0.4,0.4,0.4,0.4,0.4,0.4,0.4
Édouard,Forward,£5.00,100%,3.3,0.3,0.5,0.2,0.8,0.4,0.2,0.3,0.3,0.3
Fredricson,Defender,£4.00,100%,3.3,0.3,0.3,0.5,0.3,0.4,0.3,0.5,0.3,0.4
Rodrigo,Midfielder,£6.50,100%,3.3,0,0.4,0.5,0.5,0.5,0.4,0.3,0.4,0.4
Milner,Midfielder,£5.00,90%,3.2,0.6,0.3,0.3,0.3,0.3,0.4,0.3,0.4,0.4
Nelson,Midfielder,£5.00,100%,3.2,0.3,0.2,0.3,0.5,0.4,0.4,0.4,0.3,0.4
Pinnock,Defender,£4.50,100%,3.2,0.2,0.4,0.5,0.4,0.3,0.4,0.4,0.4,0.3
Humphreys,Defender,£4.00,100%,3.2,0,0.6,0.4,0.3,0.4,0.3,0.3,0.5,0.4
N.Aguerd,Defender,£4.50,100%,3,0.5,0.3,0.4,0.3,0.3,0.5,0.2,0.3,0.3
Luís Hemir,Forward,£4.50,64%,3,0.3,0.3,0.3,0.3,0.3,0.3,0.3,0.4,0.3
Koleosho,Midfielder,£5.00,100%,2.9,0.2,0.4,0.5,0.2,0.3,0.3,0.2,0.3,0.6
George,Midfielder,£5.00,100%,2.9,0.3,0.3,0.3,0.3,0.3,0.3,0.3,0.3,0.4
Henry,Defender,£4.50,75%,2.9,0.3,0.4,0.3,0.3,0.3,0.3,0.3,0.3,0.3
Valdimarsson,Goalkeeper,£4.00,100%,2.9,0.8,0.3,0.4,0.2,0.3,0.2,0.1,0.3,0.3
A.Ramsey,Midfielder,£4.50,100%,2.6,0.4,0.3,0.2,0.2,0.4,0.3,0.3,0.2,0.3
A.García,Defender,£4.00,100%,2.6,0.3,0.2,0.3,0.3,0.5,0.3,0.3,0.2,0.2
Bailey,Midfielder,£5.50,100%,2.6,0.5,0.2,0.3,0.2,0.3,0.4,0.3,0.2,0.2
Alese,Defender,£4.00,100%,2.6,0,0,0,0.4,0.4,0.4,0.5,0.5,0.3
Jörgensen,Goalkeeper,£4.50,100%,2.5,0.2,0.2,0.2,0.1,0.2,0.2,1.1,0.1,0.2
Roerslev,Defender,£4.50,100%,2.3,0.2,0.3,0.3,0.3,0.2,0.3,0.3,0.3,0.2
Ahamada,Midfielder,£4.50,97%,2.3,0.2,0.3,0.2,0.3,0.3,0.3,0.2,0.3,0.2
Targett,Defender,£4.00,100%,2.3,0.2,0.3,0.2,0.3,0.2,0.3,0.3,0.4,0.3
Aké,Defender,£5.50,100%,2.3,0.2,0.3,0.2,0.3,0.2,0.3,0.2,0.3,0.2
Collyer,Midfielder,£4.50,89%,2.2,0.2,0.2,0.3,0.2,0.3,0.3,0.3,0.2,0.3
Doak,Midfielder,£5.00,100%,2.2,0.3,0.2,0.2,0.3,0.2,0.2,0.2,0.2,0.2
H.Jones,Midfielder,£4.50,100%,2.1,0.2,0.3,0.3,0.2,0.2,0.2,0.2,0.3,0.2
Boateng,Midfielder,£5.00,87%,2.1,0.2,0.3,0.2,0.2,0.2,0.2,0.2,0.3,0.2
Faivre,Midfielder,£4.50,84%,2.1,0.2,0.2,0.2,0.2,0.2,0.2,0.2,0.2,0.2
Matete,Midfielder,£4.50,86%,2,0.2,0.2,0.2,0.2,0.2,0.2,0.2,0.2,0.2
Reed,Midfielder,£4.50,79%,2,0.2,0.2,0.2,0.2,0.2,0.2,0.2,0.2,0.2
Coleman,Defender,£4.50,100%,2,0.2,0.2,0.3,0.2,0.2,0.3,0.4,0.1,0.2
Y.Chermiti,Forward,£5.00,83%,2,0.2,0.2,0.2,0.2,0.2,0.2,0.2,0.2,0.2
Trésor,Midfielder,£4.50,79%,1.9,0.2,0.2,0.2,0.2,0.2,0.2,0.2,0.2,0.2
L.Guilherme,Midfielder,£5.00,100%,1.9,0.2,0.2,0.2,0.2,0.2,0.2,0.2,0.2,0.2
Hjelde,Defender,£4.00,100%,1.9,0,0,0,0.4,0.3,0.3,0.3,0.4,0.2
Nketiah,Forward,£5.50,100%,1.8,0,0,0,0,0,0,0,1,0.9
Mosquera,Defender,£4.50,100%,1.7,0,0,0,0,0.6,0.2,0.2,0.4,0.3
Hickey,Defender,£4.00,100%,1.7,0.1,0.2,0.3,0.3,0.1,0.2,0.2,0.1,0.2
Fraser,Forward,£4.50,100%,1.6,0.2,0.1,0.1,0.1,0.3,0.2,0.3,0.3,0.1
Bogarde,Defender,£4.00,100%,1.5,0.4,0.1,0.2,0.2,0.1,0.2,0.2,0.1,0.1
M.França,Midfielder,£4.50,100%,1.5,0,0,0,0.3,0.2,0.2,0.2,0.2,0.2
Bevan,Defender,£4.00,93%,1.4,0.1,0.2,0.2,0.1,0.2,0.2,0.2,0.2,0.2
Bettinelli,Goalkeeper,£4.00,100%,1.4,0.2,0.1,0.1,0.1,0.1,0.2,0.2,0.1,0.3
Marc Guiu,Forward,£4.50,100%,1.4,0.2,0.2,0.2,0.1,0.2,0.1,0.1,0.2,0.1
Clyne,Defender,£4.00,100%,1.4,0.1,0.3,0.1,0.2,0.2,0.1,0.1,0.1,0.1
Ba,Midfielder,£4.50,100%,1.3,0.2,0,0.2,0,0.2,0.2,0.2,0.3,0.1
Bajcetic,Midfielder,£4.50,100%,1.3,0.2,0.1,0.1,0.1,0.1,0.1,0.1,0.1,0.2
Ramsay,Defender,£4.00,100%,1.2,0.1,0.1,0.1,0.2,0.1,0.1,0.1,0.1,0.1
Danns,Forward,£4.50,100%,1.1,0.1,0.1,0.1,0.1,0.1,0.1,0.1,0.1,0.1
Fábio Vieira,Midfielder,£5.50,100%,1.1,0.1,0.1,0.1,0.1,0.1,0.1,0.1,0.1,0.1
Benson,Midfielder,£5.50,100%,1.1,0,0.2,0.1,0.1,0.1,0.1,0.1,0.2,0.1
Gomez,Defender,£5.00,100%,1,0,0,0,0.2,0.1,0.2,0.2,0.2,0.1
R.Williams,Defender,£4.00,100%,1,0.1,0.1,0.1,0.2,0.1,0.1,0.1,0.1,0.1
Sambo,Defender,£4.00,100%,0.9,0.1,0.1,0.1,0.1,0.1,0.1,0.1,0.1,0.1
Matthews,Goalkeeper,£4.00,100%,0.9,0.1,0.2,0.1,0.1,0.1,0.1,0.2,0.1,0
Lascelles,Defender,£4.50,100%,0.9,0.1,0.1,0.1,0.1,0.1,0.1,0.1,0,0.1
Dixon,Defender,£4.00,100%,0.8,0.1,0.1,0,0.1,0.1,0.1,0,0.1,0.2
Ekdal,Defender,£4.00,100%,0.8,0.2,0,0,0.1,0,0,0.1,0.1,0.2
Rusyn,Forward,£4.50,100%,0.7,0.1,0.1,0.2,0.1,0,0,0.1,0.1,0.1
H.Traorè,Midfielder,£4.50,100%,0.7,0.1,0.1,0,0.1,0,0.1,0.1,0.1,0
B.Badiashile,Defender,£4.50,100%,0.5,0,0,0,0,0.1,0.1,0.1,0.1,0.1
Alex Moreno,Defender,£4.00,100%,0.4,0.2,0.1,0,0.1,0,0,0.1,0,0
Johnstone,Goalkeeper,£4.50,100%,0.4,0,0,0.1,0,0.1,0,0.1,0,0.1
Irving,Midfielder,£4.50,100%,0.4,0,0,0,0,0,0,0,0,0
Heaton,Goalkeeper,£4.00,100%,0.4,0.1,0,0,0,0,0.1,0,0,0
Acheampong,Defender,£4.00,100%,0.3,0,0,0.1,0,0,0,0,0,0
Austin,Goalkeeper,£4.00,100%,0.3,0,0,0,0,0,0.1,0,0,0
Dendoncker,Midfielder,£4.50,100%,0.2,0.1,0,0,0,0,0.1,0,0,0
Yasin,Defender,£4.00,100%,0.2,0.2,0,0,0,0,0,0,0,0
M.Bizot,Goalkeeper,£4.50,100%,0.2,0.2,0,0,0,0,0,0,0,0
Guessand,Midfielder,£6.50,100%,0.2,0.2,0,0,0,0,0,0,0,0
Moore,Goalkeeper,£4.00,100%,0.2,0,0,0,0,0,0,0,0,0
Jimoh-Aloba,Midfielder,£4.50,100%,0.2,0.2,0,0,0,0,0,0,0,0
Worrall,Defender,£4.00,100%,0.1,0,0,0,0,0,0,0,0.1,0
Moran,Midfielder,£4.50,100%,0.1,0.1,0,0,0,0,0,0,0,0
Broggio,Midfielder,£4.50,100%,0.1,0.1,0,0,0,0,0,0,0,0
Hein,Goalkeeper,£4.00,100%,0,0,0,0,0,0,0,0,0,0
Setford,Goalkeeper,£4.00,100%,0,0,0,0,0,0,0,0,0,0
Clarke,Defender,£4.00,100%,0,0,0,0,0,0,0,0,0,0
Kacurri,Defender,£4.00,100%,0,0,0,0,0,0,0,0,0,0
Nichols,Defender,£4.00,100%,0,0,0,0,0,0,0,0,0,0
Zubimendi,Midfielder,£5.50,100%,0,0,0,0,0,0,0,0,0,0
Kabia,Midfielder,£4.50,100%,0,0,0,0,0,0,0,0,0,0
G.Jesus,Forward,£6.50,100%,0,0,0,0,0,0,0,0,0,0
Gauci,Goalkeeper,£4.00,100%,0,0,0,0,0,0,0,0,0,0
Marschall,Goalkeeper,£4.00,100%,0,0,0,0,0,0,0,0,0,0
Sousa,Defender,£4.00,100%,0,0,0,0,0,0,0,0,0,0
Barrenechea,Midfielder,£5.00,100%,0,0,0,0,0,0,0,0,0,0
Young,Midfielder,£4.50,100%,0,0,0,0,0,0,0,0,0,0
Redmond,Forward,£4.50,100%,0,0,0,0,0,0,0,0,0,0
Neto,Goalkeeper,£4.50,100%,0,0,0,0,0,0,0,0,0,0
Dennis,Goalkeeper,£4.00,100%,0,0,0,0,0,0,0,0,0,0
McKenna,Goalkeeper,£4.00,100%,0,0,0,0,0,0,0,0,0,0
Paulsen,Goalkeeper,£4.00,100%,0,0,0,0,0,0,0,0,0,0
Zabarnyi,Defender,£5.00,100%,0,0,0,0,0,0,0,0,0,0
Truffert,Defender,£4.50,100%,0,0,0,0,0,0,0,0,0,0
Akinmboni,Defender,£4.00,100%,0,0,0,0,0,0,0,0,0,0
Soler,Defender,£4.00,100%,0,0,0,0,0,0,0,0,0,0
Sadi,Midfielder,£4.50,100%,0,0,0,0,0,0,0,0,0,0
Silcott-Duberry,Midfielder,£4.50,100%,0,0,0,0,0,0,0,0,0,0
Winterburn,Midfielder,£4.50,100%,0,0,0,0,0,0,0,0,0,0
Enes Ünal,Forward,£5.50,100%,0,0,0,0,0,0,0,0,0,0
Adu-Adjei,Forward,£4.50,100%,0,0,0,0,0,0,0,0,0,0
Kroupi.Jr,Forward,£4.50,100%,0,0,0,0,0,0,0,0,0,0
Balcombe,Goalkeeper,£4.00,100%,0,0,0,0,0,0,0,0,0,0
Cox,Goalkeeper,£4.00,100%,0,0,0,0,0,0,0,0,0,0
Eyestone,Goalkeeper,£4.00,100%,0,0,0,0,0,0,0,0,0,0
Arthur,Defender,£4.00,100%,0,0,0,0,0,0,0,0,0,0
Fredrick,Defender,£4.00,100%,0,0,0,0,0,0,0,0,0,0
Ji-soo,Defender,£4.00,100%,0,0,0,0,0,0,0,0,0,0
Meghoma,Defender,£4.00,100%,0,0,0,0,0,0,0,0,0,0
Milambo,Midfielder,£5.50,100%,0,0,0,0,0,0,0,0,0,0
Janelt,Midfielder,£5.00,100%,0,0,0,0,0,0,0,0,0,0
Nunes,Midfielder,£5.00,100%,0,0,0,0,0,0,0,0,0,0
Yarmoliuk,Midfielder,£5.00,100%,0,0,0,0,0,0,0,0,0,0
Konak,Midfielder,£4.50,100%,0,0,0,0,0,0,0,0,0,0
Maghoma,Midfielder,£4.50,100%,0,0,0,0,0,0,0,0,0,0
Trevitt,Midfielder,£4.50,100%,0,0,0,0,0,0,0,0,0,0
Morgan,Forward,£4.50,100%,0,0,0,0,0,0,0,0,0,0
Steele,Goalkeeper,£4.50,100%,0,0,0,0,0,0,0,0,0,0
McGill,Goalkeeper,£4.00,100%,0,0,0,0,0,0,0,0,0,0
Rushworth,Goalkeeper,£4.00,100%,0,0,0,0,0,0,0,0,0,0
Scherpen,Goalkeeper,£4.00,100%,0,0,0,0,0,0,0,0,0,0
Boscagli,Defender,£4.50,100%,0,0,0,0,0,0,0,0,0,0
Coppola,Defender,£4.50,100%,0,0,0,0,0,0,0,0,0,0
Estupiñan,Defender,£4.50,100%,0,0,0,0,0,0,0,0,0,0
Webster,Defender,£4.50,100%,0,0,0,0,0,0,0,0,0,0
Cashin,Defender,£4.00,100%,0,0,0,0,0,0,0,0,0,0
Slater,Defender,£4.00,100%,0,0,0,0,0,0,0,0,0,0
Tasker,Defender,£4.00,100%,0,0,0,0,0,0,0,0,0,0
Sima,Midfielder,£5.50,100%,0,0,0,0,0,0,0,0,0,0
Yalcouye,Midfielder,£5.00,100%,0,0,0,0,0,0,0,0,0,0
Knight,Midfielder,£4.50,100%,0,0,0,0,0,0,0,0,0,0
Mazilu,Midfielder,£4.50,100%,0,0,0,0,0,0,0,0,0,0
Ferguson,Forward,£5.50,100%,0,0,0,0,0,0,0,0,0,0
Tzimas,Forward,£5.50,100%,0,0,0,0,0,0,0,0,0,0
Kostoulas,Forward,£5.00,100%,0,0,0,0,0,0,0,0,0,0
Weiss,Goalkeeper,£4.50,100%,0,0,0,0,0,0,0,0,0,0
Green,Goalkeeper,£4.00,100%,0,0,0,0,0,0,0,0,0,0
Dodgson,Defender,£4.00,100%,0,0,0,0,0,0,0,0,0,0
Hartman,Defender,£4.00,100%,0,0,0,0,0,0,0,0,0,0
Sonne,Defender,£4.00,100%,0,0,0,0,0,0,0,0,0,0
Churlinov,Midfielder,£5.00,100%,0,0,0,0,0,0,0,0,0,0
Tchaouna,Midfielder,£5.00,100%,0,0,0,0,0,0,0,0,0,0
Adewumi,Midfielder,£4.50,100%,0,0,0,0,0,0,0,0,0,0
Banel,Midfielder,£4.50,100%,0,0,0,0,0,0,0,0,0,0
Amdouni,Forward,£5.00,100%,0,0,0,0,0,0,0,0,0,0
Penders,Goalkeeper,£4.00,100%,0,0,0,0,0,0,0,0,0,0
Slonina,Goalkeeper,£4.00,100%,0,0,0,0,0,0,0,0,0,0
Colwill,Defender,£5.00,100%,0,0,0,0,0,0,0,0,0,0
M.Sarr,Defender,£4.50,100%,0,0,0,0,0,0,0,0,0,0
Anselmino,Defender,£4.00,100%,0,0,0,0,0,0,0,0,0,0
Estêvão,Midfielder,£6.50,100%,0,0,0,0,0,0,0,0,0,0
Gittens,Midfielder,£6.50,100%,0,0,0,0,0,0,0,0,0,0
Mudryk,Midfielder,£5.00,100%,0,0,0,0,0,0,0,0,0,0
Andrey Santos,Midfielder,£4.50,100%,0,0,0,0,0,0,0,0,0,0
D.Essugo,Midfielder,£4.50,100%,0,0,0,0,0,0,0,0,0,0
Paez,Midfielder,£4.50,100%,0,0,0,0,0,0,0,0,0,0
Benitez,Goalkeeper,£4.00,100%,0,0,0,0,0,0,0,0,0,0
Sosa,Defender,£5.00,100%,0,0,0,0,0,0,0,0,0,0
Chadi Riad,Defender,£4.00,100%,0,0,0,0,0,0,0,0,0,0
Holding,Defender,£4.00,100%,0,0,0,0,0,0,0,0,0,0
Kporha,Defender,£4.00,100%,0,0,0,0,0,0,0,0,0,0
Doucouré,Midfielder,£5.00,100%,0,0,0,0,0,0,0,0,0,0
Agbinone,Midfielder,£4.50,100%,0,0,0,0,0,0,0,0,0,0
Ebiowei,Midfielder,£4.50,100%,0,0,0,0,0,0,0,0,0,0
Ozoh,Midfielder,£4.50,100%,0,0,0,0,0,0,0,0,0,0
Rodney,Midfielder,£4.50,100%,0,0,0,0,0,0,0,0,0,0
Umeh,Midfielder,£4.50,100%,0,0,0,0,0,0,0,0,0,0
Marsh,Forward,£4.50,100%,0,0,0,0,0,0,0,0,0,0
Tyrer,Goalkeeper,£4.00,100%,0,0,0,0,0,0,0,0,0,0
Welch,Defender,£4.00,100%,0,0,0,0,0,0,0,0,0,0
Bates,Midfielder,£4.50,100%,0,0,0,0,0,0,0,0,0,0
Ebere,Midfielder,£4.50,100%,0,0,0,0,0,0,0,0,0,0
Heath,Midfielder,£4.50,100%,0,0,0,0,0,0,0,0,0,0
Metcalfe,Midfielder,£4.50,100%,0,0,0,0,0,0,0,0,0,0
Barry,Forward,£6.00,100%,0,0,0,0,0,0,0,0,0,0
Sherif,Forward,£4.50,100%,0,0,0,0,0,0,0,0,0,0
Benda,Goalkeeper,£4.00,100%,0,0,0,0,0,0,0,0,0,0
Robinson,Defender,£5.00,100%,0,0,0,0,0,0,0,0,0,0
Amissah,Defender,£4.00,100%,0,0,0,0,0,0,0,0,0,0
Godo,Midfielder,£4.50,100%,0,0,0,0,0,0,0,0,0,0
Harris,Midfielder,£4.50,100%,0,0,0,0,0,0,0,0,0,0
Cairns,Goalkeeper,£4.00,100%,0,0,0,0,0,0,0,0,0,0
Bijol,Defender,£4.00,100%,0,0,0,0,0,0,0,0,0,0
Bornauw,Defender,£4.00,100%,0,0,0,0,0,0,0,0,0,0
Gudmundsson,Defender,£4.00,100%,0,0,0,0,0,0,0,0,0,0
Crew,Midfielder,£4.50,100%,0,0,0,0,0,0,0,0,0,0
Gelhardt,Midfielder,£4.50,100%,0,0,0,0,0,0,0,0,0,0
Mateo Joseph,Forward,£5.00,100%,0,0,0,0,0,0,0,0,0,0
Mamardashvili,Goalkeeper,£4.50,100%,0,0,0,0,0,0,0,0,0,0
Pécsi,Goalkeeper,£4.00,100%,0,0,0,0,0,0,0,0,0,0
Nallo,Defender,£4.00,100%,0,0,0,0,0,0,0,0,0,0
Luis Díaz,Midfielder,£8.00,100%,0,0,0,0,0,0,0,0,0,0
McConnell,Midfielder,£4.50,100%,0,0,0,0,0,0,0,0,0,0
Morton,Midfielder,£4.50,100%,0,0,0,0,0,0,0,0,0,0
Nyoni,Midfielder,£4.50,100%,0,0,0,0,0,0,0,0,0,0
Darwin,Forward,£6.50,100%,0,0,0,0,0,0,0,0,0,0
Vitor Reis,Defender,£5.00,100%,0,0,0,0,0,0,0,0,0,0
Cherki,Midfielder,£6.50,100%,0,0,0,0,0,0,0,0,0,0
Grealish,Midfielder,£6.50,100%,0,0,0,0,0,0,0,0,0,0
Echeverri,Midfielder,£5.50,100%,0,0,0,0,0,0,0,0,0,0
Reijnders,Midfielder,£5.50,100%,0,0,0,0,0,0,0,0,0,0
Nypan,Midfielder,£5.00,100%,0,0,0,0,0,0,0,0,0,0
Harrison,Goalkeeper,£4.00,100%,0,0,0,0,0,0,0,0,0,0
Mee,Goalkeeper,£4.00,100%,0,0,0,0,0,0,0,0,0,0
Martinez,Defender,£5.00,100%,0,0,0,0,0,0,0,0,0,0
D.Leon,Defender,£4.50,100%,0,0,0,0,0,0,0,0,0,0
Rashford,Midfielder,£7.00,100%,0,0,0,0,0,0,0,0,0,0
Fitzgerald,Midfielder,£4.50,100%,0,0,0,0,0,0,0,0,0,0
J.Fletcher,Midfielder,£4.50,100%,0,0,0,0,0,0,0,0,0,0
Kone,Midfielder,£4.50,100%,0,0,0,0,0,0,0,0,0,0
Moorhouse,Midfielder,£4.50,100%,0,0,0,0,0,0,0,0,0,0
Wheatley,Forward,£4.50,100%,0,0,0,0,0,0,0,0,0,0
Gillespie,Goalkeeper,£4.00,100%,0,0,0,0,0,0,0,0,0,0
Odysseas,Goalkeeper,£4.00,100%,0,0,0,0,0,0,0,0,0,0
A.Murphy,Defender,£4.00,100%,0,0,0,0,0,0,0,0,0,0
Ashby,Defender,£4.00,100%,0,0,0,0,0,0,0,0,0,0
Pivas,Defender,£4.00,100%,0,0,0,0,0,0,0,0,0,0
Antoñito C.,Midfielder,£5.00,100%,0,0,0,0,0,0,0,0,0,0
Hayden,Midfielder,£4.50,100%,0,0,0,0,0,0,0,0,0,0
Kuol,Midfielder,£4.50,100%,0,0,0,0,0,0,0,0,0,0
White,Midfielder,£4.50,100%,0,0,0,0,0,0,0,0,0,0
Neave,Forward,£4.50,100%,0,0,0,0,0,0,0,0,0,0
C.Miguel,Goalkeeper,£4.00,100%,0,0,0,0,0,0,0,0,0,0
Turner,Goalkeeper,£4.00,100%,0,0,0,0,0,0,0,0,0,0
David Carmo,Defender,£4.50,100%,0,0,0,0,0,0,0,0,0,0
Jair Cunha,Defender,£4.50,100%,0,0,0,0,0,0,0,0,0,0
Abbott,Defender,£4.00,100%,0,0,0,0,0,0,0,0,0,0
Boly,Defender,£4.00,100%,0,0,0,0,0,0,0,0,0,0
O'Brien,Midfielder,£5.00,100%,0,0,0,0,0,0,0,0,0,0
Da Silva Moreira,Midfielder,£4.50,100%,0,0,0,0,0,0,0,0,0,0
Stamenic,Midfielder,£4.50,100%,0,0,0,0,0,0,0,0,0,0
Igor Jesus,Forward,£6.00,100%,0,0,0,0,0,0,0,0,0,0
Nna Noukeu,Goalkeeper,£4.00,100%,0,0,0,0,0,0,0,0,0,0
Huggins,Defender,£4.00,100%,0,0,0,0,0,0,0,0,0,0
Johnson,Defender,£4.00,100%,0,0,0,0,0,0,0,0,0,0
Pembele,Defender,£4.00,100%,0,0,0,0,0,0,0,0,0,0
Reinildo,Defender,£4.00,100%,0,0,0,0,0,0,0,0,0,0
Diarra,Midfielder,£5.50,100%,0,0,0,0,0,0,0,0,0,0
Mundle,Midfielder,£5.00,100%,0,0,0,0,0,0,0,0,0,0
Sadiki,Midfielder,£5.00,100%,0,0,0,0,0,0,0,0,0,0
Talbi,Midfielder,£5.00,100%,0,0,0,0,0,0,0,0,0,0
Triantis,Midfielder,£4.50,100%,0,0,0,0,0,0,0,0,0,0
Abdullahi,Forward,£4.50,100%,0,0,0,0,0,0,0,0,0,0
Dragusin,Defender,£4.50,100%,0,0,0,0,0,0,0,0,0,0
Phillips,Defender,£4.00,100%,0,0,0,0,0,0,0,0,0,0
Takai,Defender,£4.00,100%,0,0,0,0,0,0,0,0,0,0
Vuskovic,Defender,£4.00,100%,0,0,0,0,0,0,0,0,0,0
Son,Midfielder,£8.50,100%,0,0,0,0,0,0,0,0,0,0
Maddison,Midfielder,£7.00,100%,0,0,0,0,0,0,0,0,0,0
Kulusevski,Midfielder,£6.50,100%,0,0,0,0,0,0,0,0,0,0
Moore,Midfielder,£5.00,100%,0,0,0,0,0,0,0,0,0,0
Min-hyeok,Midfielder,£4.50,100%,0,0,0,0,0,0,0,0,0,0
Olusesi,Midfielder,£4.50,100%,0,0,0,0,0,0,0,0,0,0
Lankshear,Forward,£4.50,100%,0,0,0,0,0,0,0,0,0,0
Scarlett,Forward,£4.50,100%,0,0,0,0,0,0,0,0,0,0
Hegyi,Goalkeeper,£4.00,100%,0,0,0,0,0,0,0,0,0,0
Diouf,Defender,£4.50,100%,0,0,0,0,0,0,0,0,0,0
Casey,Defender,£4.00,100%,0,0,0,0,0,0,0,0,0,0
Summerville,Midfielder,£5.50,100%,0,0,0,0,0,0,0,0,0,0
Orford,Midfielder,£4.50,100%,0,0,0,0,0,0,0,0,0,0
Marshall,Forward,£4.50,100%,0,0,0,0,0,0,0,0,0,0
King,Goalkeeper,£4.00,100%,0,0,0,0,0,0,0,0,0,0
Meupiyou,Defender,£4.00,100%,0,0,0,0,0,0,0,0,0,0
Pedro Lima,Defender,£4.00,100%,0,0,0,0,0,0,0,0,0,0
Pond,Defender,£4.00,100%,0,0,0,0,0,0,0,0,0,0
Fer López,Midfielder,£5.50,100%,0,0,0,0,0,0,0,0,0,0
Guedes,Midfielder,£5.50,100%,0,0,0,0,0,0,0,0,0,0
B.Traore,Midfielder,£5.00,100%,0,0,0,0,0,0,0,0,0,0
Edozie,Midfielder,£4.50,100%,0,0,0,0,0,0,0,0,0,0
Gonzalez,Midfielder,£4.50,100%,0,0,0,0,0,0,0,0,0,0
Hodge,Midfielder,£4.50,100%,0,0,0,0,0,0,0,0,0,0
Chiwome,Forward,£4.50,100%,0,0,0,0,0,0,0,0,0,0
Stach,Midfielder,£5.00,100%,0,0,0,0,0,0,0,0,0,0
Mosquera,Defender,£5.50,100%,0,0,0,0,0,0,0,0,0,0
J.Arias,Midfielder,£5.50,100%,0,0,0,0,0,0,0,0,0,0
Lecomte,Goalkeeper,£4.00,100%,0,0,0,0,0,0,0,0,0,0
Perri,Goalkeeper,£4.50,100%,0,0,0,0,0,0,0,0,0,0
Aznou,Defender,£4.50,100%,0,0,0,0,0,0,0,0,0,0
Ndoye,Midfielder,£6.00,100%,0,0,0,0,0,0,0,0,0,0
Roefs,Goalkeeper,£4.50,100%,0,0,0,0,0,0,0,0,0,0
Hato,Defender,£5.00,100%,0,0,0,0,0,0,0,0,0,0
Šeško,Forward,£7.50,100%,0,0,0,0,0,0,0,0,0,0
Møller Wolfe,Defender,£4.50,100%,0,0,0,0,0,0,0,0,0,0
Alderete,Defender,£4.00,100%,0,0,0,0,0,0,0,0,0,0
Thiaw,Defender,£5.00,100%,0,0,0,0,0,0,0,0,0,0
Diakité,Defender,£4.50,100%,0,0,0,0,0,0,0,0,0,0